Model,Seed,Team,Round64,Round32,Sweet16,Elite8,Final4,TitleGame,AvgPts,ExpValue
model_5,12,Akron,21.8%,6.0%,0.6%,0.1%,0.0%,0.0%,75.3,$3.62
model_5,4,Alabama,84.5%,48.1%,13.3%,5.6%,2.0%,0.6%,79.9,$32.54
model_5,1,Arizona,99.7%,86.3%,68.8%,49.6%,29.6%,18.2%,75.4,$197.67
model_5,4,Arkansas,90.3%,56.1%,16.2%,7.3%,2.5%,0.8%,79.3,$38.65
model_5,6,BYU,60.2%,24.2%,9.3%,2.6%,0.7%,0.2%,77.6,$18.18
model_5,13,California Baptist,10.9%,1.5%,0.1%,0.0%,0.0%,0.0%,67.3,$1.39
model_5,8,Clemson,41.7%,7.2%,2.3%,0.5%,0.1%,0.0%,69.1,$7.08
model_5,1,Duke,99.6%,87.8%,72.5%,56.9%,36.6%,23.5%,71.3,$233.06
model_5,1,Florida,99.8%,79.3%,54.6%,30.6%,15.7%,7.4%,76.2,$119.48
model_5,15,Furman,2.6%,0.2%,0.0%,0.0%,0.0%,0.0%,65.8,$0.30
model_5,8,Georgia,55.6%,8.0%,3.3%,1.0%,0.2%,0.1%,78.8,$9.65
model_5,3,Gonzaga,96.2%,63.1%,31.1%,11.6%,4.4%,1.6%,77.1,$55.35
model_5,13,Hawaii,9.7%,1.8%,0.1%,0.0%,0.0%,0.0%,73.3,$1.34
model_5,12,High Point,17.4%,3.1%,0.2%,0.0%,0.0%,0.0%,75.9,$2.42
model_5,13,Hofstra,15.5%,3.4%,0.2%,0.0%,0.0%,0.0%,74.4,$2.30
model_5,2,Houston,98.1%,76.9%,46.2%,26.9%,13.9%,6.4%,72.2,$106.68
model_5,15,Idaho,1.9%,0.2%,0.0%,0.0%,0.0%,0.0%,65.7,$0.22
model_5,3,Illinois,97.4%,76.8%,40.5%,22.0%,10.5%,4.5%,75.7,$89.04
model_5,9,Iowa,58.3%,13.5%,5.5%,1.6%,0.4%,0.1%,70.2,$12.82
model_5,2,Iowa State,98.7%,76.6%,50.4%,23.5%,12.1%,5.2%,74.8,$99.15
model_5,4,Kansas,89.1%,46.2%,10.2%,4.6%,1.4%,0.4%,72.1,$29.12
model_5,14,Kennesaw State,3.8%,0.4%,0.0%,0.0%,0.0%,0.0%,71.6,$0.45
model_5,7,Kentucky,55.1%,13.6%,5.3%,1.2%,0.3%,0.1%,74.9,$11.94
model_5,16,LIU,0.3%,0.0%,0.0%,0.0%,0.0%,0.0%,67.3,$0.03
model_5,6,Louisville,71.9%,33.0%,16.5%,4.6%,1.6%,0.5%,76.3,$27.76
model_5,12,McNeese,17.0%,3.7%,0.4%,0.0%,0.0%,0.0%,71.6,$2.62
model_5,7,Miami (FL),63.5%,17.2%,6.6%,1.5%,0.3%,0.1%,74.5,$14.15
model_5,11,Miami (OH),12.7%,1.9%,0.2%,0.0%,0.0%,0.0%,71.5,$1.71
model_5,1,Michigan,99.5%,87.1%,69.4%,49.3%,32.0%,17.9%,76.1,$200.83
model_5,3,Michigan State,93.3%,58.8%,33.7%,11.5%,4.5%,1.7%,73.9,$55.76
model_5,10,Missouri,36.5%,6.7%,1.8%,0.2%,0.0%,0.0%,73.2,$5.86
model_5,4,Nebraska,94.6%,49.6%,18.3%,6.7%,2.2%,0.7%,73.3,$37.19
model_5,6,North Carolina,59.5%,15.2%,4.1%,1.1%,0.2%,0.1%,74.9,$11.88
model_5,14,North Dakota State,6.7%,0.8%,0.1%,0.0%,0.0%,0.0%,68.5,$0.86
model_5,12,Northern Iowa,17.2%,4.2%,0.3%,0.0%,0.0%,0.0%,67.1,$2.66
model_5,8,Ohio State,61.8%,9.0%,3.9%,1.5%,0.4%,0.1%,72.7,$11.50
model_5,14,Penn,2.6%,0.3%,0.0%,0.0%,0.0%,0.0%,69.5,$0.32
model_5,16,Prairie View A&M,0.2%,0.0%,0.0%,0.0%,0.0%,0.0%,68.2,$0.02
model_5,2,Purdue,97.6%,75.8%,47.6%,21.2%,9.4%,4.2%,77.1,$88.21
model_5,15,Queens,2.4%,0.3%,0.0%,0.0%,0.0%,0.0%,72.5,$0.30
model_5,9,Saint Louis,44.4%,4.8%,1.8%,0.4%,0.1%,0.0%,77.8,$6.54
model_5,7,Saint Mary's,61.0%,15.9%,5.7%,1.9%,0.5%,0.1%,72.3,$14.07
model_5,10,Santa Clara,44.9%,9.7%,3.3%,0.6%,0.2%,0.0%,75.3,$8.46
model_5,16,Siena,0.4%,0.0%,0.0%,0.0%,0.0%,0.0%,63.7,$0.04
model_5,11,South Florida,28.1%,7.3%,2.1%,0.3%,0.0%,0.0%,75.3,$5.34
model_5,5,St. John's,82.8%,48.1%,12.1%,5.9%,1.9%,0.6%,72.3,$31.93
model_5,9,TCU,38.2%,3.2%,1.1%,0.3%,0.1%,0.0%,71.4,$5.16
model_5,6,Tennessee,87.3%,44.6%,18.3%,5.9%,2.1%,0.6%,73.5,$34.57
model_5,15,Tennessee State,1.3%,0.1%,0.0%,0.0%,0.0%,0.0%,68.6,$0.15
model_5,11,Texas,39.8%,12.3%,3.5%,0.7%,0.1%,0.0%,76.5,$8.58
model_5,10,Texas A&M,39.0%,7.0%,1.9%,0.4%,0.1%,0.0%,72.9,$6.51
model_5,5,Texas Tech,78.2%,42.6%,11.4%,4.7%,1.5%,0.4%,77.4,$28.03
model_5,13,Troy,5.4%,0.5%,0.0%,0.0%,0.0%,0.0%,67.0,$0.63
model_5,10,UCF,34.3%,7.7%,1.8%,0.2%,0.0%,0.0%,73.8,$5.81
model_5,7,UCLA,65.7%,23.6%,9.0%,1.9%,0.5%,0.1%,73.8,$17.30
model_5,2,UConn,97.4%,68.4%,36.8%,12.3%,4.7%,1.8%,72.8,$60.53
model_5,16,UMBC,0.5%,0.1%,0.0%,0.0%,0.0%,0.0%,67.6,$0.06
model_5,9,Utah State,52.0%,7.4%,3.0%,1.0%,0.2%,0.0%,73.7,$8.96
model_5,11,VCU,40.5%,7.7%,1.6%,0.3%,0.1%,0.0%,74.4,$6.50
model_5,5,Vanderbilt,83.0%,46.3%,18.8%,7.8%,2.9%,0.9%,75.5,$38.48
model_5,8,Villanova,48.0%,6.3%,2.5%,0.8%,0.2%,0.0%,72.9,$7.96
model_5,3,Virginia,94.3%,53.0%,22.5%,7.7%,2.9%,0.9%,73.7,$42.12
model_5,5,Wisconsin,82.6%,39.1%,9.2%,3.5%,0.9%,0.2%,78.9,$24.50
model_5,14,Wright State,5.7%,0.5%,0.0%,0.0%,0.0%,0.0%,69.1,$0.68
model_6,12,Akron,22.9%,6.0%,0.5%,0.1%,0.0%,0.0%,75.6,$3.72
model_6,4,Alabama,88.5%,51.9%,13.4%,5.9%,2.4%,0.6%,80.2,$34.82
model_6,1,Arizona,99.3%,83.0%,64.5%,46.4%,26.2%,16.2%,76.0,$181.31
model_6,4,Arkansas,90.9%,57.2%,18.4%,8.8%,2.9%,1.0%,79.9,$42.36
model_6,6,BYU,67.2%,20.6%,7.7%,1.9%,0.4%,0.1%,77.4,$16.24
model_6,13,California Baptist,13.4%,2.1%,0.1%,0.0%,0.0%,0.0%,68.7,$1.77
model_6,8,Clemson,50.2%,10.4%,3.2%,0.9%,0.2%,0.0%,69.3,$9.27
model_6,1,Duke,99.8%,91.2%,74.1%,59.3%,40.1%,26.7%,71.6,$252.24
model_6,1,Florida,99.8%,79.0%,49.7%,27.4%,12.0%,4.7%,76.3,$100.57
model_6,15,Furman,1.9%,0.2%,0.0%,0.0%,0.0%,0.0%,65.9,$0.22
model_6,8,Georgia,52.1%,6.0%,2.4%,0.7%,0.2%,0.0%,78.8,$8.15
model_6,3,Gonzaga,97.4%,73.3%,42.6%,17.9%,7.0%,3.0%,77.6,$75.49
model_6,13,Hawaii,9.1%,1.7%,0.1%,0.0%,0.0%,0.0%,73.9,$1.26
model_6,12,High Point,18.3%,3.2%,0.2%,0.0%,0.0%,0.0%,76.7,$2.54
model_6,13,Hofstra,11.5%,2.0%,0.1%,0.0%,0.0%,0.0%,73.8,$1.54
model_6,2,Houston,98.1%,75.4%,48.7%,29.1%,13.5%,5.7%,72.3,$106.26
model_6,15,Idaho,1.9%,0.2%,0.0%,0.0%,0.0%,0.0%,65.7,$0.23
model_6,3,Illinois,96.4%,67.4%,32.3%,16.3%,6.3%,2.1%,75.6,$65.17
model_6,9,Iowa,49.8%,10.5%,3.3%,0.9%,0.2%,0.0%,69.3,$9.24
model_6,2,Iowa State,97.6%,75.2%,47.0%,19.1%,10.2%,3.9%,75.0,$86.61
model_6,4,Kansas,86.6%,42.4%,9.2%,4.4%,1.5%,0.5%,73.0,$27.89
model_6,14,Kennesaw State,2.6%,0.3%,0.0%,0.0%,0.0%,0.0%,71.7,$0.33
model_6,7,Kentucky,51.8%,12.8%,4.4%,0.9%,0.2%,0.0%,74.8,$10.53
model_6,16,LIU,0.7%,0.1%,0.0%,0.0%,0.0%,0.0%,68.9,$0.08
model_6,6,Louisville,72.7%,31.8%,13.5%,2.9%,0.8%,0.2%,76.2,$23.10
model_6,12,McNeese,22.4%,5.8%,1.2%,0.2%,0.0%,0.0%,72.7,$4.05
model_6,7,Miami (FL),61.0%,18.6%,6.2%,1.3%,0.3%,0.1%,74.9,$13.84
model_6,11,Miami (OH),25.0%,4.4%,0.7%,0.1%,0.0%,0.0%,73.1,$3.67
model_6,1,Michigan,99.4%,89.0%,72.4%,54.1%,38.8%,22.4%,76.0,$231.09
model_6,3,Michigan State,92.0%,60.5%,31.3%,9.1%,3.4%,1.2%,74.1,$49.96
model_6,10,Missouri,39.0%,8.8%,2.2%,0.4%,0.1%,0.0%,73.8,$6.84
model_6,4,Nebraska,94.7%,52.0%,23.2%,10.1%,3.3%,1.0%,73.6,$45.16
model_6,6,North Carolina,66.1%,24.3%,8.1%,2.9%,0.7%,0.2%,75.5,$18.42
model_6,14,North Dakota State,8.0%,1.4%,0.1%,0.0%,0.0%,0.0%,69.1,$1.12
model_6,12,Northern Iowa,8.9%,1.3%,0.1%,0.0%,0.0%,0.0%,66.2,$1.17
model_6,8,Ohio State,57.7%,5.9%,2.0%,0.7%,0.2%,0.0%,72.3,$8.55
model_6,14,Penn,3.6%,0.4%,0.0%,0.0%,0.0%,0.0%,69.5,$0.43
model_6,16,Prairie View A&M,0.2%,0.0%,0.0%,0.0%,0.0%,0.0%,68.4,$0.02
model_6,2,Purdue,96.2%,72.1%,39.8%,16.6%,6.4%,2.8%,77.4,$71.51
model_6,15,Queens,3.8%,0.5%,0.0%,0.0%,0.0%,0.0%,73.5,$0.49
model_6,9,Saint Louis,47.9%,4.9%,1.8%,0.5%,0.1%,0.0%,78.2,$6.99
model_6,7,Saint Mary's,62.5%,17.4%,7.2%,2.6%,0.7%,0.1%,72.5,$16.00
model_6,10,Santa Clara,48.2%,11.7%,4.1%,0.7%,0.2%,0.0%,75.5,$9.59
model_6,16,Siena,0.2%,0.0%,0.0%,0.0%,0.0%,0.0%,63.8,$0.03
model_6,11,South Florida,27.3%,6.3%,1.4%,0.1%,0.0%,0.0%,75.0,$4.61
model_6,5,St. John's,91.1%,54.2%,13.8%,7.3%,2.7%,1.0%,73.1,$38.42
model_6,9,TCU,42.3%,2.9%,0.7%,0.2%,0.0%,0.0%,71.4,$5.25
model_6,6,Tennessee,75.0%,28.1%,10.2%,2.4%,0.8%,0.2%,73.1,$20.61
model_6,15,Tennessee State,2.4%,0.3%,0.0%,0.0%,0.0%,0.0%,69.7,$0.29
model_6,11,Texas,32.8%,5.8%,1.3%,0.2%,0.0%,0.0%,75.5,$5.05
model_6,10,Texas A&M,37.5%,7.0%,2.1%,0.5%,0.1%,0.0%,72.9,$6.52
model_6,5,Texas Tech,77.1%,40.1%,9.4%,3.9%,1.5%,0.3%,77.6,$25.75
model_6,13,Troy,5.3%,0.4%,0.0%,0.0%,0.0%,0.0%,67.3,$0.61
model_6,10,UCF,42.9%,11.2%,3.8%,0.5%,0.1%,0.0%,75.1,$8.60
model_6,7,UCLA,57.1%,18.0%,7.3%,1.4%,0.4%,0.1%,74.2,$13.99
model_6,2,UConn,98.1%,70.7%,42.5%,14.1%,5.9%,2.4%,73.5,$68.59
model_6,16,UMBC,0.6%,0.1%,0.0%,0.0%,0.0%,0.0%,68.3,$0.08
model_6,9,Utah State,51.9%,9.0%,4.0%,1.5%,0.4%,0.1%,74.7,$10.52
model_6,11,VCU,33.9%,7.9%,1.6%,0.3%,0.1%,0.0%,74.4,$5.88
model_6,5,Vanderbilt,77.6%,41.8%,19.4%,8.8%,3.1%,1.0%,75.8,$38.51
model_6,8,Villanova,48.1%,7.9%,3.3%,1.1%,0.3%,0.1%,73.9,$9.09
model_6,3,Virginia,95.5%,67.0%,33.6%,11.7%,5.4%,1.8%,74.5,$59.39
model_6,5,Wisconsin,81.7%,37.8%,9.5%,3.9%,1.0%,0.3%,79.5,$24.85
model_6,14,Wright State,4.5%,0.6%,0.0%,0.0%,0.0%,0.0%,69.3,$0.57
model_7,12,Akron,12.9%,2.1%,0.1%,0.0%,0.0%,0.0%,N/A,$1.70
model_7,4,Alabama,92.3%,52.3%,9.0%,3.1%,0.8%,0.2%,N/A,$27.26
model_7,1,Arizona,99.8%,93.2%,81.5%,63.3%,35.7%,21.8%,N/A,$236.19
model_7,4,Arkansas,95.7%,60.3%,11.0%,4.3%,0.9%,0.2%,N/A,$31.16
model_7,6,BYU,65.5%,21.8%,6.3%,1.1%,0.2%,0.0%,N/A,$14.47
model_7,13,California Baptist,5.4%,0.4%,0.0%,0.0%,0.0%,0.0%,N/A,$0.61
model_7,8,Clemson,38.1%,3.7%,0.9%,0.1%,0.0%,0.0%,N/A,$4.94
model_7,1,Duke,99.8%,93.7%,83.5%,71.4%,45.9%,30.0%,N/A,$285.36
model_7,1,Florida,99.9%,87.0%,64.9%,36.3%,17.0%,6.7%,N/A,$129.61
model_7,15,Furman,1.0%,0.0%,0.0%,0.0%,0.0%,0.0%,N/A,$0.11
model_7,8,Georgia,58.1%,4.1%,1.4%,0.3%,0.0%,0.0%,N/A,$7.31
model_7,3,Gonzaga,98.5%,70.9%,31.4%,8.5%,2.3%,0.6%,N/A,$48.60
model_7,13,Hawaii,4.3%,0.4%,0.0%,0.0%,0.0%,0.0%,N/A,$0.51
model_7,12,High Point,9.1%,0.8%,0.0%,0.0%,0.0%,0.0%,N/A,$1.05
model_7,13,Hofstra,7.7%,0.9%,0.0%,0.0%,0.0%,0.0%,N/A,$0.93
model_7,2,Houston,99.3%,85.1%,50.7%,29.1%,13.1%,5.1%,N/A,$106.52
model_7,15,Idaho,0.7%,0.0%,0.0%,0.0%,0.0%,0.0%,N/A,$0.08
model_7,3,Illinois,99.1%,86.4%,43.6%,23.1%,9.4%,3.2%,N/A,$87.31
model_7,9,Iowa,61.9%,9.3%,3.3%,0.6%,0.1%,0.0%,N/A,$9.91
model_7,2,Iowa State,99.5%,85.5%,61.4%,24.2%,12.2%,4.3%,N/A,$103.20
model_7,4,Kansas,94.6%,46.0%,6.1%,2.5%,0.5%,0.1%,N/A,$23.78
model_7,14,Kennesaw State,1.5%,0.0%,0.0%,0.0%,0.0%,0.0%,N/A,$0.15
model_7,7,Kentucky,57.8%,9.4%,3.0%,0.4%,0.1%,0.0%,N/A,$9.14
model_7,16,LIU,0.2%,0.0%,0.0%,0.0%,0.0%,0.0%,N/A,$0.02
model_7,6,Louisville,80.0%,32.7%,15.2%,2.6%,0.6%,0.1%,N/A,$23.71
model_7,12,McNeese,9.1%,1.2%,0.1%,0.0%,0.0%,0.0%,N/A,$1.15
model_7,7,Miami (FL),69.4%,12.0%,3.5%,0.4%,0.1%,0.0%,N/A,$11.03
model_7,11,Miami (OH),6.1%,0.5%,0.0%,0.0%,0.0%,0.0%,N/A,$0.69
model_7,1,Michigan,99.8%,93.7%,81.6%,61.5%,41.9%,22.1%,N/A,$245.70
model_7,3,Michigan State,97.3%,63.9%,36.7%,8.9%,2.6%,0.7%,N/A,$50.20
model_7,10,Missouri,30.6%,2.6%,0.4%,0.0%,0.0%,0.0%,N/A,$3.70
model_7,4,Nebraska,97.7%,47.7%,13.9%,4.0%,0.9%,0.2%,N/A,$29.66
model_7,6,North Carolina,63.8%,10.0%,1.8%,0.3%,0.0%,0.0%,N/A,$9.26
model_7,14,North Dakota State,2.7%,0.2%,0.0%,0.0%,0.0%,0.0%,N/A,$0.30
model_7,12,Northern Iowa,10.1%,1.7%,0.1%,0.0%,0.0%,0.0%,N/A,$1.35
model_7,8,Ohio State,66.9%,5.0%,2.0%,0.7%,0.1%,0.0%,N/A,$9.05
model_7,14,Penn,0.9%,0.1%,0.0%,0.0%,0.0%,0.0%,N/A,$0.10
model_7,16,Prairie View A&M,0.1%,0.0%,0.0%,0.0%,0.0%,0.0%,N/A,$0.01
model_7,2,Purdue,99.3%,85.4%,57.0%,20.3%,7.2%,2.7%,N/A,$85.22
model_7,15,Queens,0.7%,0.0%,0.0%,0.0%,0.0%,0.0%,N/A,$0.07
model_7,9,Saint Louis,41.9%,2.2%,0.6%,0.1%,0.0%,0.0%,N/A,$4.88
model_7,7,Saint Mary's,66.4%,11.6%,3.0%,0.7%,0.1%,0.0%,N/A,$10.76
model_7,10,Santa Clara,42.2%,5.1%,1.3%,0.1%,0.0%,0.0%,N/A,$5.82
model_7,16,Siena,0.2%,0.0%,0.0%,0.0%,0.0%,0.0%,N/A,$0.02
model_7,11,South Florida,20.0%,3.2%,0.6%,0.0%,0.0%,0.0%,N/A,$2.90
model_7,5,St. John's,89.9%,52.0%,8.1%,3.7%,0.8%,0.2%,N/A,$27.10
model_7,9,TCU,33.1%,1.3%,0.3%,0.1%,0.0%,0.0%,N/A,$3.67
model_7,6,Tennessee,93.9%,45.5%,14.9%,3.3%,0.9%,0.2%,N/A,$28.69
model_7,15,Tennessee State,0.5%,0.0%,0.0%,0.0%,0.0%,0.0%,N/A,$0.05
model_7,11,Texas,34.5%,7.2%,1.3%,0.1%,0.0%,0.0%,N/A,$5.45
model_7,10,Texas A&M,33.6%,3.4%,0.6%,0.1%,0.0%,0.0%,N/A,$4.27
model_7,5,Texas Tech,87.1%,44.8%,7.3%,2.4%,0.6%,0.1%,N/A,$23.48
model_7,13,Troy,2.3%,0.1%,0.0%,0.0%,0.0%,0.0%,N/A,$0.24
model_7,10,UCF,26.4%,3.4%,0.5%,0.0%,0.0%,0.0%,N/A,$3.50
model_7,7,UCLA,73.6%,20.9%,6.5%,0.8%,0.1%,0.0%,N/A,$14.74
model_7,2,UConn,99.0%,75.6%,40.4%,9.4%,2.6%,0.7%,N/A,$54.53
model_7,16,UMBC,0.2%,0.0%,0.0%,0.0%,0.0%,0.0%,N/A,$0.03
model_7,9,Utah State,53.1%,3.8%,1.4%,0.3%,0.0%,0.0%,N/A,$6.81
model_7,11,VCU,36.2%,3.5%,0.4%,0.1%,0.0%,0.0%,N/A,$4.47
model_7,5,Vanderbilt,90.9%,51.1%,17.0%,5.6%,1.5%,0.3%,N/A,$33.64
model_7,8,Villanova,46.9%,3.0%,1.0%,0.2%,0.0%,0.0%,N/A,$5.77
model_7,3,Virginia,97.7%,54.0%,19.3%,4.5%,1.3%,0.3%,N/A,$34.47
model_7,5,Wisconsin,90.9%,38.6%,5.2%,1.5%,0.3%,0.0%,N/A,$20.39
model_7,14,Wright State,2.3%,0.1%,0.0%,0.0%,0.0%,0.0%,N/A,$0.24
model_9,12,Akron,0.6%,0.0%,0.0%,0.0%,0.0%,0.0%,63.8,$0.06
model_9,4,Alabama,100.0%,54.4%,0.3%,0.0%,0.0%,0.0%,72.0,$20.73
model_9,1,Arizona,100.0%,100.0%,99.4%,91.5%,37.8%,22.6%,72.3,$272.81
model_9,4,Arkansas,100.0%,70.8%,0.5%,0.1%,0.0%,0.0%,72.7,$24.14
model_9,6,BYU,80.7%,12.9%,0.9%,0.0%,0.0%,0.0%,69.8,$10.80
model_9,13,California Baptist,0.0%,0.0%,0.0%,0.0%,0.0%,0.0%,61.0,$0.00
model_9,8,Clemson,27.4%,0.0%,0.0%,0.0%,0.0%,0.0%,67.3,$2.69
model_9,1,Duke,100.0%,99.9%,99.6%,97.9%,61.4%,41.9%,70.4,$376.56
model_9,1,Florida,100.0%,99.0%,90.9%,52.2%,13.8%,2.5%,73.8,$136.42
model_9,15,Furman,0.0%,0.0%,0.0%,0.0%,0.0%,0.0%,55.7,$0.00
model_9,8,Georgia,67.6%,0.0%,0.0%,0.0%,0.0%,0.0%,67.1,$6.63
model_9,3,Gonzaga,100.0%,86.5%,24.1%,0.7%,0.0%,0.0%,74.7,$37.04
model_9,13,Hawaii,0.0%,0.0%,0.0%,0.0%,0.0%,0.0%,59.6,$0.00
model_9,12,High Point,0.1%,0.0%,0.0%,0.0%,0.0%,0.0%,62.4,$0.01
model_9,13,Hofstra,0.0%,0.0%,0.0%,0.0%,0.0%,0.0%,61.8,$0.00
model_9,2,Houston,100.0%,98.0%,59.5%,30.2%,7.6%,1.3%,73.6,$92.97
model_9,15,Idaho,0.0%,0.0%,0.0%,0.0%,0.0%,0.0%,60.4,$0.00
model_9,3,Illinois,100.0%,99.0%,40.4%,16.5%,2.9%,0.3%,74.0,$63.84
model_9,9,Iowa,72.6%,0.9%,0.2%,0.0%,0.0%,0.0%,68.5,$7.37
model_9,2,Iowa State,100.0%,98.9%,87.0%,13.1%,5.6%,0.7%,73.9,$85.29
model_9,4,Kansas,100.0%,38.5%,0.1%,0.0%,0.0%,0.0%,72.3,$17.48
model_9,14,Kennesaw State,0.0%,0.0%,0.0%,0.0%,0.0%,0.0%,55.8,$0.00
model_9,7,Kentucky,66.2%,0.9%,0.1%,0.0%,0.0%,0.0%,68.5,$6.73
model_9,16,LIU,0.0%,0.0%,0.0%,0.0%,0.0%,0.0%,59.9,$0.00
model_9,6,Louisville,97.0%,27.3%,9.9%,0.0%,0.0%,0.0%,71.0,$18.87
model_9,12,McNeese,0.1%,0.0%,0.0%,0.0%,0.0%,0.0%,62.5,$0.01
model_9,7,Miami (FL),85.2%,1.7%,0.2%,0.0%,0.0%,0.0%,69.0,$8.77
model_9,11,Miami (OH),0.0%,0.0%,0.0%,0.0%,0.0%,0.0%,61.2,$0.00
model_9,1,Michigan,100.0%,100.0%,99.4%,86.7%,70.0%,30.6%,71.5,$345.20
model_9,3,Michigan State,100.0%,72.7%,41.7%,1.0%,0.1%,0.0%,73.5,$41.58
model_9,10,Missouri,14.8%,0.0%,0.0%,0.0%,0.0%,0.0%,66.8,$1.45
model_9,4,Nebraska,100.0%,39.5%,2.6%,0.2%,0.0%,0.0%,73.9,$18.88
model_9,6,North Carolina,76.8%,1.0%,0.0%,0.0%,0.0%,0.0%,68.6,$7.73
model_9,14,North Dakota State,0.0%,0.0%,0.0%,0.0%,0.0%,0.0%,58.7,$0.00
model_9,12,Northern Iowa,0.3%,0.0%,0.0%,0.0%,0.0%,0.0%,63.2,$0.03
model_9,8,Ohio State,82.1%,0.1%,0.0%,0.0%,0.0%,0.0%,67.6,$8.07
model_9,14,Penn,0.0%,0.0%,0.0%,0.0%,0.0%,0.0%,60.1,$0.00
model_9,16,Prairie View A&M,0.0%,0.0%,0.0%,0.0%,0.0%,0.0%,59.6,$0.00
model_9,2,Purdue,100.0%,98.2%,74.9%,7.7%,0.6%,0.1%,73.8,$66.24
model_9,15,Queens,0.0%,0.0%,0.0%,0.0%,0.0%,0.0%,60.2,$0.00
model_9,9,Saint Louis,32.4%,0.0%,0.0%,0.0%,0.0%,0.0%,66.7,$3.17
model_9,7,Saint Mary's,81.3%,2.0%,0.1%,0.0%,0.0%,0.0%,69.0,$8.40
model_9,10,Santa Clara,33.8%,0.1%,0.0%,0.0%,0.0%,0.0%,67.6,$3.34
model_9,16,Siena,0.0%,0.0%,0.0%,0.0%,0.0%,0.0%,60.5,$0.00
model_9,11,South Florida,3.0%,0.0%,0.0%,0.0%,0.0%,0.0%,65.3,$0.30
model_9,5,St. John's,99.7%,61.5%,0.3%,0.1%,0.0%,0.0%,71.4,$22.18
model_9,9,TCU,17.9%,0.0%,0.0%,0.0%,0.0%,0.0%,66.5,$1.75
model_9,6,Tennessee,100.0%,44.6%,5.1%,0.1%,0.0%,0.0%,72.7,$20.72
model_9,15,Tennessee State,0.0%,0.0%,0.0%,0.0%,0.0%,0.0%,60.0,$0.00
model_9,11,Texas,19.3%,0.7%,0.0%,0.0%,0.0%,0.0%,67.5,$2.03
model_9,10,Texas A&M,18.7%,0.0%,0.0%,0.0%,0.0%,0.0%,67.0,$1.84
model_9,5,Texas Tech,99.4%,45.6%,0.3%,0.0%,0.0%,0.0%,71.3,$18.92
model_9,13,Troy,0.0%,0.0%,0.0%,0.0%,0.0%,0.0%,58.2,$0.00
model_9,10,UCF,9.3%,0.0%,0.0%,0.0%,0.0%,0.0%,66.5,$0.93
model_9,7,UCLA,90.7%,10.7%,1.4%,0.0%,0.0%,0.0%,70.1,$11.56
model_9,2,UConn,100.0%,89.2%,47.0%,0.9%,0.0%,0.0%,74.5,$46.88
model_9,16,UMBC,0.0%,0.0%,0.0%,0.0%,0.0%,0.0%,59.9,$0.00
model_9,9,Utah State,56.1%,0.0%,0.0%,0.0%,0.0%,0.0%,67.2,$5.50
model_9,11,VCU,23.2%,0.0%,0.0%,0.0%,0.0%,0.0%,67.2,$2.28
model_9,5,Vanderbilt,99.9%,60.5%,6.3%,0.9%,0.0%,0.0%,72.2,$24.99
model_9,8,Villanova,43.9%,0.0%,0.0%,0.0%,0.0%,0.0%,67.1,$4.30
model_9,3,Virginia,100.0%,55.4%,7.7%,0.1%,0.0%,0.0%,74.0,$23.93
model_9,5,Wisconsin,99.9%,29.2%,0.1%,0.0%,0.0%,0.0%,71.8,$15.60
model_9,14,Wright State,0.0%,0.0%,0.0%,0.0%,0.0%,0.0%,57.9,$0.00
model_10,12,Akron,15.2%,2.3%,0.0%,0.0%,0.0%,0.0%,72.9,$1.95
model_10,4,Alabama,91.4%,54.5%,10.3%,4.9%,1.7%,0.4%,81.0,$31.52
model_10,1,Arizona,99.9%,90.3%,76.3%,58.4%,30.6%,17.4%,77.3,$207.71
model_10,4,Arkansas,95.3%,61.2%,14.4%,6.1%,1.3%,0.3%,80.6,$35.12
model_10,6,BYU,66.8%,23.2%,7.4%,1.3%,0.2%,0.0%,77.8,$15.41
model_10,13,California Baptist,6.4%,0.5%,0.0%,0.0%,0.0%,0.0%,64.6,$0.71
model_10,8,Clemson,47.5%,5.8%,1.5%,0.2%,0.0%,0.0%,68.8,$6.60
model_10,1,Duke,100.0%,94.5%,83.4%,73.0%,50.2%,32.8%,72.4,$302.76
model_10,1,Florida,100.0%,86.8%,64.2%,37.9%,15.7%,5.8%,78.5,$125.66
model_10,15,Furman,0.9%,0.0%,0.0%,0.0%,0.0%,0.0%,61.8,$0.10
model_10,8,Georgia,56.8%,3.3%,0.8%,0.2%,0.0%,0.0%,78.0,$6.71
model_10,3,Gonzaga,98.1%,70.4%,33.8%,10.2%,2.6%,0.7%,78.6,$51.39
model_10,13,Hawaii,4.7%,0.5%,0.0%,0.0%,0.0%,0.0%,70.0,$0.56
model_10,12,High Point,11.4%,0.9%,0.0%,0.0%,0.0%,0.0%,73.3,$1.29
model_10,13,Hofstra,8.6%,1.1%,0.0%,0.0%,0.0%,0.0%,71.7,$1.06
model_10,2,Houston,99.0%,81.7%,50.9%,28.5%,10.9%,3.7%,74.0,$97.67
model_10,15,Idaho,1.0%,0.1%,0.0%,0.0%,0.0%,0.0%,62.2,$0.11
model_10,3,Illinois,98.4%,78.8%,39.7%,19.9%,6.6%,1.9%,77.4,$73.25
model_10,9,Iowa,52.5%,7.4%,2.2%,0.4%,0.0%,0.0%,69.4,$7.86
model_10,2,Iowa State,99.2%,78.8%,53.9%,15.8%,7.5%,2.1%,76.5,$77.90
model_10,4,Kansas,93.6%,49.8%,7.5%,3.6%,0.9%,0.2%,73.2,$26.71
model_10,14,Kennesaw State,1.9%,0.1%,0.0%,0.0%,0.0%,0.0%,67.9,$0.21
model_10,7,Kentucky,56.1%,13.1%,4.6%,0.4%,0.1%,0.0%,74.7,$10.39
model_10,16,LIU,0.1%,0.0%,0.0%,0.0%,0.0%,0.0%,62.5,$0.01
model_10,6,Louisville,74.5%,31.2%,13.3%,1.8%,0.4%,0.1%,76.7,$21.01
model_10,12,McNeese,16.5%,3.2%,0.2%,0.0%,0.0%,0.0%,70.2,$2.34
model_10,7,Miami (FL),61.5%,11.6%,3.1%,0.3%,0.0%,0.0%,74.1,$9.86
model_10,11,Miami (OH),10.7%,0.9%,0.0%,0.0%,0.0%,0.0%,69.5,$1.25
model_10,1,Michigan,99.9%,95.2%,82.2%,69.3%,52.0%,29.3%,76.8,$291.25
model_10,3,Michigan State,95.9%,63.9%,34.7%,7.3%,2.2%,0.6%,75.1,$46.79
model_10,10,Missouri,38.5%,4.5%,0.7%,0.0%,0.0%,0.0%,72.4,$4.97
model_10,4,Nebraska,95.6%,47.6%,13.9%,4.3%,0.8%,0.1%,74.2,$29.36
model_10,6,North Carolina,65.5%,16.4%,3.7%,0.8%,0.1%,0.0%,75.1,$11.94
model_10,14,North Dakota State,4.1%,0.3%,0.0%,0.0%,0.0%,0.0%,65.5,$0.47
model_10,12,Northern Iowa,9.8%,1.1%,0.0%,0.0%,0.0%,0.0%,64.6,$1.18
model_10,8,Ohio State,62.8%,4.4%,1.4%,0.4%,0.1%,0.0%,72.1,$8.07
model_10,14,Penn,1.6%,0.1%,0.0%,0.0%,0.0%,0.0%,66.1,$0.18
model_10,16,Prairie View A&M,0.0%,0.0%,0.0%,0.0%,0.0%,0.0%,62.2,$0.00
model_10,2,Purdue,98.8%,83.8%,54.0%,20.9%,6.9%,2.4%,78.8,$82.85
model_10,15,Queens,1.2%,0.1%,0.0%,0.0%,0.0%,0.0%,68.7,$0.14
model_10,9,Saint Louis,43.2%,1.6%,0.3%,0.0%,0.0%,0.0%,76.7,$4.72
model_10,7,Saint Mary's,63.0%,13.6%,4.2%,0.9%,0.1%,0.0%,72.2,$11.50
model_10,10,Santa Clara,43.9%,8.1%,2.4%,0.2%,0.0%,0.0%,74.8,$7.03
model_10,16,Siena,0.0%,0.0%,0.0%,0.0%,0.0%,0.0%,58.3,$0.00
model_10,11,South Florida,25.5%,4.6%,0.8%,0.0%,0.0%,0.0%,74.1,$3.75
model_10,5,St. John's,90.2%,48.6%,7.5%,3.6%,0.9%,0.2%,73.1,$26.45
model_10,9,TCU,37.2%,1.1%,0.2%,0.0%,0.0%,0.0%,70.2,$3.96
model_10,6,Tennessee,89.3%,41.7%,15.3%,2.2%,0.6%,0.1%,74.2,$25.92
model_10,15,Tennessee State,0.8%,0.0%,0.0%,0.0%,0.0%,0.0%,65.0,$0.09
model_10,11,Texas,33.2%,6.3%,1.1%,0.1%,0.0%,0.0%,75.3,$5.00
model_10,10,Texas A&M,37.0%,4.6%,0.9%,0.1%,0.0%,0.0%,71.9,$4.98
model_10,5,Texas Tech,84.8%,42.1%,6.3%,2.7%,0.8%,0.1%,78.3,$23.07
model_10,13,Troy,4.4%,0.2%,0.0%,0.0%,0.0%,0.0%,64.4,$0.47
model_10,10,UCF,37.1%,6.3%,1.2%,0.1%,0.0%,0.0%,73.1,$5.40
model_10,7,UCLA,62.9%,17.8%,5.9%,0.5%,0.1%,0.0%,73.6,$12.56
model_10,2,UConn,99.1%,76.0%,44.2%,9.8%,3.3%,0.9%,74.4,$58.08
model_10,16,UMBC,0.1%,0.0%,0.0%,0.0%,0.0%,0.0%,62.5,$0.01
model_10,9,Utah State,50.6%,5.1%,1.8%,0.4%,0.0%,0.0%,73.0,$7.09
model_10,11,VCU,34.5%,4.6%,0.6%,0.1%,0.0%,0.0%,73.3,$4.57
model_10,5,Vanderbilt,83.5%,49.0%,17.9%,6.9%,1.7%,0.3%,76.3,$34.17
model_10,8,Villanova,49.4%,4.6%,1.6%,0.4%,0.0%,0.0%,72.3,$6.74
model_10,3,Virginia,95.9%,57.1%,23.7%,4.2%,1.3%,0.2%,74.8,$36.22
model_10,5,Wisconsin,88.6%,37.4%,5.9%,1.9%,0.3%,0.0%,79.8,$20.48
model_10,14,Wright State,4.1%,0.3%,0.0%,0.0%,0.0%,0.0%,66.3,$0.46
